"";BBBK10.M.TXI302;BBBK10.M.TXI302_FLAGS
"";Geldmenge M2 / Deutscher Beitrag;
Einheit;EURO;
Dimension;Millionen;
Stand vom;01.04.2026 10:40:44 Uhr;
1980-01;350007;
1980-02;349884;
1980-03;351396;
1980-04;347367;
1980-05;350691;
1980-06;354377;
1980-07;356144;
1980-08;357854;
1980-09;356686;
1980-10;356004;
1980-11;373089;
1980-12;378160;
1981-01;372262;
1981-02;374300;
1981-03;373214;
1981-04;371979;
1981-05;379341;
1981-06;379987;
1981-07;378210;
1981-08;384527;
1981-09;382536;
1981-10;379694;
1981-11;393353;
1981-12;399051;
1982-01;399393;
1982-02;400874;
1982-03;398314;
1982-04;396443;
1982-05;404267;
1982-06;405204;
1982-07;404133;
1982-08;410375;
1982-09;409213;
1982-10;409057;
1982-11;419504;
1982-12;427764;
1983-01;427775;
1983-02;430415;
1983-03;423300;
1983-04;424113;
1983-05;431644;
1983-06;431653;
1983-07;435854;
1983-08;436847;
1983-09;430747;
1983-10;434972;
1983-11;445958;
1983-12;450011;
1984-01;447109;
1984-02;447350;
1984-03;437978;
1984-04;441801;
1984-05;448540;
1984-06;445148;
1984-07;451551;
1984-08;448833;
1984-09;453769;
1984-10;452121;
1984-11;459700;
1984-12;472269;
1985-01;468493;
1985-02;471325;
1985-03;465885;
1985-04;462941;
1985-05;466881;
1985-06;472881;
1985-07;474109;
1985-08;470791;
1985-09;474320;
1985-10;473632;
1985-11;481229;
1985-12;508215;
1986-01;501755;
1986-02;502188;
1986-03;503144;
1986-04;498727;
1986-05;502608;
1986-06;510778;
1986-07;513983;
1986-08;518583;
1986-09;518957;
1986-10;518398;
1986-11;537013;
1986-12;543381;
1987-01;538379;
1987-02;539783;
1987-03;539282;
1987-04;537311;
1987-05;547212;
1987-06;549211;
1987-07;545454;
1987-08;555048;
1987-09;551970;
1987-10;551272;
1987-11;570520;
1987-12;575062;
1988-01;574142;
1988-02;577769;
1988-03;566007;
1988-04;570731;
1988-05;581623;
1988-06;583008;
1988-07;582622;
1988-08;586121;
1988-09;582062;
1988-10;588747;
1988-11;607838;
1988-12;613861;
1989-01;611763;
1989-02;614150;
1989-03;603742;
1989-04;605698;
1989-05;613202;
1989-06;608197;
1989-07;618364;
1989-08;619552;
1989-09;613047;
1989-10;617847;
1989-11;636407;
1989-12;652500;
1990-01;643801;
1990-02;646999;
1990-03;632335;
1990-04;636159;
1990-05;643326;
1990-06;728502;
1990-07;737494;
1990-08;736775;
1990-09;745042;
1990-10;742957;
1990-11;756117;
1990-12;781503;
1991-01;771026;
1991-02;779685;
1991-03;767140;
1991-04;765535;
1991-05;770889;
1991-06;777318;
1991-07;776617;
1991-08;775917;
1991-09;783093;
1991-10;782275;
1991-11;800622;
1991-12;833408;
1992-01;814145;
1992-02;818818;
1992-03;816645;
1992-04;821834;
1992-05;828984;
1992-06;831751;
1992-07;836297;
1992-08;844704;
1992-09;855149;
1992-10;855710;
1992-11;878795;
1992-12;892976;
1993-01;878145;
1993-02;883994;
1993-03;883595;
1993-04;889359;
1993-05;898293;
1993-06;900467;
1993-07;905594;
1993-08;910561;
1993-09;910560;
1993-10;919195;
1993-11;947565;
1993-12;989653;
1994-01;981174;
1994-02;982064;
1994-03;979121;
1994-04;984710;
1994-05;987745;
1994-06;986859;
1994-07;982517;
1994-08;982045;
1994-09;977880;
1994-10;980062;
1994-11;991238;
1994-12;1004002;
1995-01;983817;
1995-02;980928;
1995-03;970111;
1995-04;970255;
1995-05;977161;
1995-06;974197;
1995-07;974716;
1995-08;977780;
1995-09;980017;
1995-10;986716;
1995-11;1009510;
1995-12;1039648;
1996-01;1029218;
1996-02;1037812;
1996-03;1035329;
1996-04;1039619;
1996-05;1043576;
1996-06;1044663;
1996-07;1044427;
1996-08;1050120;
1996-09;1055003;
1996-10;1059506;
1996-11;1078593;
1996-12;1128926;
1997-01;1105294;
1997-02;1107097;
1997-03;1102892;
1997-04;1103736;
1997-05;1111164;
1997-06;1109900;
1997-07;1109593;
1997-08;1112666;
1997-09;1110514;
1997-10;1113904;
1997-11;1135754;
1997-12;1167838;
1998-01;1148858;
1998-02;1154224;
1998-03;1151823;
1998-04;1158292;
1998-05;1161734;
1998-06;1161360;
1998-07;1159115;
1998-08;1170322;
1998-09;1168356;
1998-10;1179770;
1998-11;1207684;
1998-12;1258233;
1999-01;1253280;
1999-02;1256423;
1999-03;1253550;
1999-04;1256799;
1999-05;1270776;
1999-06;1273897;
1999-07;1270509;
1999-08;1269860;
1999-09;1271634;
1999-10;1278838;
1999-11;1304598;
1999-12;1321597;
2000-01;1309164;
2000-02;1309193;
2000-03;1299777;
2000-04;1301210;
2000-05;1293404;
2000-06;1283243;
2000-07;1273751;
2000-08;1266675;
2000-09;1263737;
2000-10;1263024;
2000-11;1285217;
2000-12;1309398;
2001-01;1291650;
2001-02;1302031;
2001-03;1305100;
2001-04;1310942;
2001-05;1315652;
2001-06;1323187;
2001-07;1317073;
2001-08;1319365;
2001-09;1333782;
2001-10;1334282;
2001-11;1353707;
2001-12;1367014;
2002-01;1277675;
2002-02;1273071;
2002-03;1271884;
2002-04;1268650;
2002-05;1277513;
2002-06;1290008;
2002-07;1283409;
2002-08;1282017;
2002-09;1289151;
2002-10;1299304;
2002-11;1328759;
2002-12;1349180;
2003-01;1339704;
2003-02;1347511;
2003-03;1350894;
2003-04;1357772;
2003-05;1371788;
2003-06;1377884;
2003-07;1366047;
2003-08;1373969;
2003-09;1370948;
2003-10;1371720;
2003-11;1394348;
2003-12;1395229;
2004-01;1391124;
2004-02;1392727;
2004-03;1394240;
2004-04;1395836;
2004-05;1401835;
2004-06;1395054;
2004-07;1391043;
2004-08;1393978;
2004-09;1403134;
2004-10;1402081;
2004-11;1420559;
2004-12;1423322;
2005-01;1432250;
2005-02;1431900;
2005-03;1425778;
2005-04;1435278;
2005-05;1447655;
2005-06;1451011;
2005-07;1452467;
2005-08;1454790;
2005-09;1462265;
2005-10;1466757;
2005-11;1481882;
2005-12;1490080;
2006-01;1491345;
2006-02;1489177;
2006-03;1496126;
2006-04;1515881;
2006-05;1517103;
2006-06;1522834;
2006-07;1513601;
2006-08;1512515;
2006-09;1520054;
2006-10;1517094;
2006-11;1545667;
2006-12;1568728;
2007-01;1564464;
2007-02;1563848;
2007-03;1572316;
2007-04;1583189;
2007-05;1593722;
2007-06;1611624;
2007-07;1617676;
2007-08;1633313;
2007-09;1658147;
2007-10;1657540;
2007-11;1695209;
2007-12;1737417;
2008-01;1731409;
2008-02;1744379;
2008-03;1751319;
2008-04;1760573;
2008-05;1780618;
2008-06;1782202;
2008-07;1790410;
2008-08;1804435;
2008-09;1817944;
2008-10;1862990;
2008-11;1878787;
2008-12;1883015;
2009-01;1898939;
2009-02;1898429;
2009-03;1878868;
2009-04;1893142;
2009-05;1883503;
2009-06;1873020;
2009-07;1860816;
2009-08;1859930;
2009-09;1856901;
2009-10;1857768;
2009-11;1867650;
2009-12;1865675;
2010-01;1872858;
2010-02;1872427;
2010-03;1859590;
2010-04;1881550;
2010-05;1891920;
2010-06;1893756;
2010-07;1892848;
2010-08;1901598;
2010-09;1907069;
2010-10;1912656;
2010-11;1937430;
2010-12;1944606;
2011-01;1955167;
2011-02;1946768;
2011-03;1953974;
2011-04;1969412;
2011-05;1980054;
2011-06;1985759;
2011-07;1993809;
2011-08;2011716;
2011-09;2031723;
2011-10;2037898;
2011-11;2061870;
2011-12;2072812;
2012-01;2074296;
2012-02;2082801;
2012-03;2091283;
2012-04;2106402;
2012-05;2128220;
2012-06;2152549;
2012-07;2173608;
2012-08;2184897;
2012-09;2195038;
2012-10;2239636;
2012-11;2256965;
2012-12;2231601;
2013-01;2219542;
2013-02;2215922;
2013-03;2208849;
2013-04;2236579;
2013-05;2241968;
2013-06;2235855;
2013-07;2240807;
2013-08;2256549;
2013-09;2262171;
2013-10;2287944;
2013-11;2296490;
2013-12;2293861;
2014-01;2294261;
2014-02;2307937;
2014-03;2302465;
2014-04;2333215;
2014-05;2351817;
2014-06;2340595;
2014-07;2345877;
2014-08;2365584;
2014-09;2368428;
2014-10;2384509;
2014-11;2411062;
2014-12;2405705;
2015-01;2426489;
2015-02;2451966;
2015-03;2458514;
2015-04;2485770;
2015-05;2511541;
2015-06;2512511;
2015-07;2529688;
2015-08;2539792;
2015-09;2551437;
2015-10;2580468;
2015-11;2624069;
2015-12;2610839;
2016-01;2633786;
2016-02;2644838;
2016-03;2641107;
2016-04;2663602;
2016-05;2685716;
2016-06;2686448;
2016-07;2702009;
2016-08;2711700;
2016-09;2719497;
2016-10;2721928;
2016-11;2762937;
2016-12;2759189;
2017-01;2784903;
2017-02;2796956;
2017-03;2801030;
2017-04;2803351;
2017-05;2821456;
2017-06;2841185;
2017-07;2835900;
2017-08;2846777;
2017-09;2853476;
2017-10;2859591;
2017-11;2890924;
2017-12;2882939;
2018-01;2894190;
2018-02;2896607;
2018-03;2901132;
2018-04;2906956;
2018-05;2946764;
2018-06;2954528;
2018-07;2954066;
2018-08;2953013;
2018-09;2978417;
2018-10;2989973;
2018-11;3024890;
2018-12;3021662;
2019-01;3017275;
2019-02;3030925;
2019-03;3054717;
2019-04;3068977;
2019-05;3093015;
2019-06;3100650;
2019-07;3104704;
2019-08;3135929;
2019-09;3131242;
2019-10;3147725;
2019-11;3168510;
2019-12;3161125;
2020-01;3157148;
2020-02;3174621;
2020-03;3263936;
2020-04;3266431;
2020-05;3323212;
2020-06;3325187;
2020-07;3336780;
2020-08;3350216;
2020-09;3371821;
2020-10;3403552;
2020-11;3433240;
2020-12;3426073;
2021-01;3458508;
2021-02;3471667;
2021-03;3496989;
2021-04;3504963;
2021-05;3535787;
2021-06;3535725;
2021-07;3552625;
2021-08;3571728;
2021-09;3575117;
2021-10;3591642;
2021-11;3621414;
2021-12;3619387;
2022-01;3652259;
2022-02;3677228;
2022-03;3676958;
2022-04;3686840;
2022-05;3699517;
2022-06;3726638;
2022-07;3757127;
2022-08;3826507;
2022-09;3811167;
2022-10;3812307;
2022-11;3819725;
2022-12;3795148;
2023-01;3789459;
2023-02;3781958;
2023-03;3756428;
2023-04;3759368;
2023-05;3762831;
2023-06;3760590;
2023-07;3759284;
2023-08;3756883;
2023-09;3753689;
2023-10;3751672;
2023-11;3760719;
2023-12;3762178;
2024-01;3744284;
2024-02;3745685;
2024-03;3767639;
2024-04;3764383;
2024-05;3792251;
2024-06;3791985;
2024-07;3789313;
2024-08;3849009;
2024-09;3861444;
2024-10;3861708;
2024-11;3907146;
2024-12;3907683;
2025-01;3882002;
2025-02;3908622;
2025-03;3906594;
2025-04;3928237;
2025-05;3935669;
2025-06;3925390;
2025-07;3929579;
2025-08;3944293;
2025-09;3933487;
2025-10;3988059;
2025-11;4046576;
2025-12;4044434;
2026-01;4034954;
2026-02;4045793;
"";Bemerkung: Die deutschen Beiträge zu den monetären Aggregaten des Eurosystems sind keinesfalls als eigene nationale Geldmengenaggregate zu interpretieren und damit auch nicht mit den früheren deutschen Geldbeständen M1, M2 oder M3 vergleichbar. M1 zuzüglich Einlagen mit vereinbarter Laufzeit bis zu 2 Jahren und vereinbarter Kündigungsfrist bis zu 3 Monaten (ohne Einlagenvon Zentralstaaten) sowie (für EWU) monetäre Verbindlichkeiten der Zentralstaaten mit solcher Befristung.;
"";Methodik: Die Angaben sind mit den bis Ende 1998 für Deutschland veröffentlichten Zahlen wegen unterschiedlicher Positionsinhalte und abweichender Berichtskreise nicht vergleichbar. Ab Jan. 2002 ohne Bargeldumlauf.;
